<notifs xmlns:xsi="http://www.w3.org/2001/XMLSchema-instance" xsi:noNamespaceSchemaLocation="notifications.xsd">
    <notif id="1">
        <msg>Notifica&#231;&#227;o de Boas vindas</msg>
    </notif>
    <notif id="2">
        <msg>Esta &#233; a sua &#224;rea de Notifica&#231;&#245;es</msg>
    </notif>
<notif id="8"><type>waterTempMin</type><msg>Aten&#231;&#227;o: Baixa temperatura na solu&#231;&#227;o! : Thu Sep  7 19:17:02 2023</msg></notif><notif id="9"><type>phMax</type><msg>Aten&#231;&#227;o: Elevado pH na solu&#231;&#227;o! : Thu Sep  7 19:18:01 2023</msg></notif><notif id="10"><type>airTempMin</type><msg>Aten&#231;&#227;o: Baixa temperatura ambiente! : Thu Sep  7 23:16:29 2023</msg></notif></notifs>