<tower xmlns:xsi="http://www.w3.org/2001/XMLSchema-instance" xsi:noNamespaceSchemaLocation="tower.xsd">
    <slot id="L1">
        <plant-id />
        <plant-age />
        <plant-inserted-date />
    </slot>
    <slot id="L2">
        <plant-id>1</plant-id>
        <plant-age>35</plant-age>
        <plant-inserted-date>2023-08-30</plant-inserted-date>
    </slot>
    <slot id="L3">
        <plant-id>1</plant-id>
        <plant-age>30</plant-age>
        <plant-inserted-date>2023-09-07</plant-inserted-date>
    </slot>
    <slot id="L4">
        <plant-id />
        <plant-age />
        <plant-inserted-date />
    </slot>
    <slot id="R1">
        <plant-id>13</plant-id>
        <plant-age>12</plant-age>
        <plant-inserted-date>2023-09-07</plant-inserted-date>
    </slot>
    <slot id="R2">
        <plant-id>1</plant-id>
        <plant-age>45</plant-age>
        <plant-inserted-date>2023-09-07</plant-inserted-date>
    </slot>
    <slot id="R3">
        <plant-id>9</plant-id>
        <plant-age>40</plant-age>
        <plant-inserted-date>2023-09-02</plant-inserted-date>
    </slot>
    <slot id="R4">
        <plant-id />
        <plant-age />
        <plant-inserted-date />
    </slot>
</tower>