<plants xmlns:xsi="http://www.w3.org/2001/XMLSchema-instance" xsi:noNamespaceSchemaLocation="wiki.xsd">
  <plant id="1">
    <name>Espinafre</name>
    <description>O espinafre &#233; uma planta herb&#225;cea, anual, com sistema radicular aprumado e superficial.
    As folhas de espinafre s&#227;o de cor verde-escuro, dispostas em roseta, pecioladas, com o limbo em forma ovada, alongada e pontiaguda. Podem ser lisas ou rugosas.</description>
    <tempMin>16</tempMin>
    <tempMax>18</tempMax>
    <lightMin>12</lightMin>
    <lightMax>14</lightMax>
    <humidMin>50</humidMin>
    <humidMax>70</humidMax>
    <phMin>5.5</phMin>
    <phMax>6.5</phMax>
    <ecMin>1</ecMin>
    <ecMax>2.1</ecMax>
    <germination>10</germination>
    <vegetative>30</vegetative>
    <floration>35</floration>
    <fruiting>45</fruiting>
  </plant>
  <plant id="2">
    <name>Salsa</name>
    <description>A salsa &#233; uma planta muito popular na culin&#225;ria de v&#225;rias culturas ao redor do mundo. Ela pertence &#224; fam&#237;lia Apiaceae e &#233; conhecida cientificamente como Petroselinum crispum.
    Essa planta de folhas verdes possui um sabor intenso e distintivo, com um aroma caracter&#237;stico que adiciona um toque especial a diversos pratos. As folhas de salsa s&#227;o frequentemente utilizadas como tempero, tanto frescas quanto secas, e s&#227;o um ingrediente essencial em muitos molhos, sopas, saladas e pratos principais.
    A salsa &#233; uma planta de f&#225;cil cultivo, podendo ser cultivada em jardins dom&#233;sticos, vasos ou at&#233; mesmo em hortas hidrop&#243;nicas. Ela requer uma boa exposi&#231;&#227;o &#224; luz solar e solo bem drenado. Suas folhas s&#227;o colhidas conforme necess&#225;rio, e a planta continua a produzir novas folhas ao longo do tempo.
    Al&#233;m do seu uso culin&#225;rio, a salsa tamb&#233;m possui benef&#237;cios para a sa&#250;de. Ela &#233; rica em vitaminas, como vitamina C, vitamina A e vitamina K, al&#233;m de conter minerais como ferro e c&#225;lcio. Acredita-se que a salsa tenha propriedades antioxidantes e anti-inflamat&#243;rias, contribuindo para a sa&#250;de geral do organismo.
    Em resumo, a planta de salsa &#233; uma erva arom&#225;tica vers&#225;til e saborosa, capaz de adicionar um toque fresco e especial aos pratos. Seu cultivo &#233; acess&#237;vel a todos e seus benef&#237;cios para a sa&#250;de a tornam uma excelente escolha para aqueles que desejam adicionar um toque de sabor e nutri&#231;&#227;o &#224;s suas refei&#231;&#245;es.</description>
    <tempMin>15</tempMin>
    <tempMax>15</tempMax>
    <lightMin>15</lightMin>
    <lightMax>15</lightMax>
    <humidMin />
    <humidMax />
    <phMin>15</phMin>
    <phMax>15</phMax>
    <ecMin>0.8</ecMin>
    <ecMax>0.8</ecMax>
    <germination>17</germination>
    <vegetative>60</vegetative>
    <floration />
    <fruiting />
  </plant>
  <plant id="3">
    <name>Alface</name>
    <description>A alface &#233; uma planta herb&#225;cea amplamente cultivada e consumida em todo o mundo. &#201; conhecida cientificamente como Lactuca sativa e pertence &#224; fam&#237;lia das Aster&#225;ceas. A alface &#233; valorizada por suas folhas verdes e crocantes, que s&#227;o utilizadas principalmente em saladas, sandu&#237;ches e como acompanhamento em diversos pratos.
    Existem v&#225;rios tipos de alface, cada um com caracter&#237;sticas distintas. A alface crespa tem folhas frisadas e textura crocante, enquanto a alface lisa tem folhas lisas e mais suaves. Outros tipos populares incluem a alface romana, com folhas alongadas e uma textura mais firme, e a alface iceberg, que tem uma cabe&#231;a compacta e crocante.
    A alface &#233; uma planta de crescimento r&#225;pido e pode ser cultivada em uma ampla variedade de climas. Ela prefere temperaturas amenas e uma exposi&#231;&#227;o adequada &#224; luz solar. Al&#233;m disso, a alface requer solo f&#233;rtil e bem drenado para um bom desenvolvimento. Por essas raz&#245;es, a alface &#233; frequentemente cultivada em hortas dom&#233;sticas, jardins e at&#233; mesmo em vasos.
    Al&#233;m de ser uma fonte de vitaminas e minerais, como vitamina A, vitamina C, vitamina K e folato, a alface &#233; composta principalmente de &#225;gua e possui baixo teor cal&#243;rico. Ela tamb&#233;m &#233; rica em fibras alimentares, o que contribui para uma digest&#227;o saud&#225;vel. A alface &#233; uma op&#231;&#227;o popular para aqueles que buscam uma alimenta&#231;&#227;o equilibrada e uma forma de adicionar volume e frescor &#224;s refei&#231;&#245;es.
    No entanto, a alface requer cuidados adequados para manter sua qualidade e seguran&#231;a alimentar. &#201; importante lavar bem as folhas antes de consumi-las para remover quaisquer res&#237;duos de sujeira ou pesticidas. Al&#233;m disso, a alface &#233; um alvo comum para pragas e doen&#231;as, por isso medidas de controle devem ser tomadas para garantir a sa&#250;de das plantas.
    Em resumo, a alface &#233; uma planta herb&#225;cea vers&#225;til e nutritiva, amplamente apreciada por suas folhas verdes e crocantes. Ela pode ser cultivada em uma variedade de ambientes e &#233; uma escolha popular para saladas e pratos leves. Com seu baixo teor cal&#243;rico e alto teor de nutrientes, a alface &#233; uma adi&#231;&#227;o saud&#225;vel a uma dieta equilibrada.</description>
    <tempMin>18</tempMin>
    <tempMax>23</tempMax>
    <lightMin>10</lightMin>
    <lightMax>14</lightMax>
    <humidMin>50</humidMin>
    <humidMax>70</humidMax>
    <phMin>5.5</phMin>
    <phMax>6.5</phMax>
    <ecMin />
    <ecMax />
    <germination>8</germination>
    <vegetative>30</vegetative>
    <floration />
    <fruiting />
  </plant>
  <plant id="4">
    <name>Coentros</name>
    <description>Os coentros s&#227;o plantas herb&#225;ceas amplamente utilizadas na culin&#225;ria de diversas culturas, conhecidas cientificamente como Coriandrum sativum. Essas plantas pertencem &#224; fam&#237;lia Apiaceae e possuem um sabor e aroma caracter&#237;sticos, tornando-se um ingrediente popular em v&#225;rias receitas.
    As folhas dos coentros s&#227;o verdes e recortadas, enquanto as flores s&#227;o pequenas e brancas. Ambas as partes da planta s&#227;o utilizadas na culin&#225;ria, mas s&#227;o as folhas que s&#227;o mais frequentemente aproveitadas. Seu sabor &#233; descrito como refrescante, c&#237;trico e ligeiramente picante, conferindo um toque &#250;nico a pratos salgados e at&#233; mesmo a algumas sobremesas.
    Os coentros s&#227;o utilizados em uma variedade de pratos, como saladas, molhos, sopas, guisados, carnes e peixes. Eles s&#227;o especialmente populares em cozinhas asi&#225;ticas, latino-americanas e do Mediterr&#226;neo, onde s&#227;o considerados essenciais em muitas receitas tradicionais.
    Cultivar coentros &#233; relativamente simples, e a planta pode ser cultivada em jardins dom&#233;sticos, vasos ou at&#233; mesmo em pequenos espa&#231;os. Eles preferem climas amenos e uma boa exposi&#231;&#227;o &#224; luz solar, al&#233;m de um solo bem drenado. Os coentros tamb&#233;m t&#234;m a vantagem de serem resistentes a pragas e doen&#231;as.
    Al&#233;m de seu uso culin&#225;rio, os coentros possuem propriedades medicinais. Eles s&#227;o ricos em nutrientes, como vitamina C, vitamina K e fibras alimentares. Al&#233;m disso, acredita-se que os coentros tenham propriedades antioxidantes e anti-inflamat&#243;rias, podendo contribuir para a sa&#250;de digestiva e para o sistema imunol&#243;gico.
    Em resumo, os coentros s&#227;o plantas herb&#225;ceas arom&#225;ticas amplamente utilizadas na culin&#225;ria de v&#225;rias regi&#245;es do mundo. Seu sabor refrescante e c&#237;trico adiciona um toque especial a muitos pratos, enquanto suas propriedades nutricionais e medicinais trazem benef&#237;cios para a sa&#250;de. Se voc&#234; est&#225; procurando por um ingrediente vers&#225;til e cheio de sabor, os coentros s&#227;o uma &#243;tima op&#231;&#227;o a ser considerada.</description>
    <tempMin>10</tempMin>
    <tempMax>24</tempMax>
    <lightMin>10</lightMin>
    <lightMax>14</lightMax>
    <humidMin />
    <humidMax />
    <phMin>5.5</phMin>
    <phMax>6.7</phMax>
    <ecMin>1.2</ecMin>
    <ecMax>1.8</ecMax>
    <germination>10</germination>
    <vegetative>35</vegetative>
    <floration />
    <fruiting />
  </plant>
  <plant id="5">
    <name>Tomateiro</name>
    <description>O tomateiro &#233; uma planta perene, pertencente &#224; fam&#237;lia das solan&#225;ceas, e &#233; amplamente cultivado em todo o mundo por causa dos seus deliciosos e suculentos frutos - os tomates. 
    Essa planta geralmente apresenta um caule ramificado, que pode atingir alturas vari&#225;veis, dependendo da variedade e das condi&#231;&#245;es de cultivo. 
    As folhas do tomateiro s&#227;o compostas, de formato oval ou lanceolado, com bordas serrilhadas. 
    Elas s&#227;o de cor verde vibrante e possuem uma textura ligeiramente &#225;spera ao toque. 
    As folhas est&#227;o dispostas de forma alternada ao longo do caule, permitindo a entrada de luz solar adequada em todas as partes da planta.
    O tomateiro prospera em temperaturas entre 24&#176;C e 28&#176;C, com luz direta moderada. A umidade deve ser mantida entre 50% e 60%. O pH do meio ideal varia de 5.5 a 6.5, e os n&#237;veis de condutividade el&#233;trica (EC) devem estar entre 1.8 e 2.3.</description>
    <tempMin>24</tempMin>
    <tempMax>28</tempMax>
    <lightMin>14</lightMin>
    <lightMax>18</lightMax>
    <humidMin>50</humidMin>
    <humidMax>60</humidMax>
    <phMin>5.5</phMin>
    <phMax>6.5</phMax>
    <ecMin>1.8</ecMin>
    <ecMax>2.3</ecMax>
    <germination>7</germination>
    <vegetative>35</vegetative>
    <floration>70</floration>
    <fruiting>100</fruiting>
  </plant>
  <plant id="6">
    <name>R&#250;cula</name>
    <description>A r&#250;cula &#233; uma planta de folhas verdes escuras e sabor picante. 
    &#201; conhecida cientificamente como Eruca sativa e pertence &#224; fam&#237;lia Brassicaceae. 
    As suas folhas s&#227;o frequentemente usadas em saladas, sandu&#237;ches e como ingrediente em pizzas e massas. 
    A r&#250;cula cresce rapidamente e &#233; uma excelente escolha para cultivo hidrop&#243;nico. 
    Requer temperaturas entre 18&#176;C e 24&#176;C, luz direta moderada e um pH do meio de 6.0 a 6.5. 
    A humidade ideal varia de 50% a 70%, e os n&#237;veis de eletrocondutividade da &#225;gua (EC) devem estar entre 1.0 e 2.0.</description>
    <tempMin>18</tempMin>
    <tempMax>24</tempMax>
    <lightMin>12</lightMin>
    <lightMax>16</lightMax>
    <humidMin>50</humidMin>
    <humidMax>70</humidMax>
    <phMin>6.0</phMin>
    <phMax>6.5</phMax>
    <ecMin>1.0</ecMin>
    <ecMax>2.0</ecMax>
    <germination>7</germination>
    <vegetative>25</vegetative>
    <floration>40</floration>
    <fruiting>60</fruiting>
  </plant>
  <plant id="7">
    <name>Rabanete</name>
    <description>O rabanete &#233; uma raiz comest&#237;vel que cresce rapidamente e &#233; adequada para cultivo hidrop&#243;nico. 
    Conhecido como Raphanus sativus, pertence &#224; fam&#237;lia Brassicaceae. 
    Os rabanetes s&#227;o usados em saladas, pratos quentes e at&#233; mesmo como aperitivos. 
    Preferem temperaturas entre 15&#176;C e 20&#176;C, luz moderada e um pH de 5.5 a 6.0. 
    A humidade deve ser mantida entre 50% e 70%. Os n&#237;veis de eletrocondutividade da &#225;gua (EC) ideais variam de 1.2 a 2.2.</description>
    <tempMin>15</tempMin>
    <tempMax>20</tempMax>
    <lightMin>10</lightMin>
    <lightMax>14</lightMax>
    <humidMin>50</humidMin>
    <humidMax>70</humidMax>
    <phMin>5.5</phMin>
    <phMax>6.0</phMax>
    <ecMin>1.2</ecMin>
    <ecMax>2.2</ecMax>
    <germination>5</germination>
    <vegetative>20</vegetative>
    <floration>35</floration>
    <fruiting>45</fruiting>
  </plant>
  <plant id="8">
    <name>Couve</name>
    <description>A couve &#233; uma planta de folhas verdes que pertence &#224; fam&#237;lia Brassicaceae. 
    &#201; conhecida cientificamente como Brassica oleracea. 
    As suas folhas s&#227;o usadas em uma variedade de pratos, como sopas, refogados e smoothies. 
    Crescem melhor em temperaturas entre 18&#176;C e 24&#176;C, com luz direta moderada. 
    O pH do meio deve estar na faixa de 6.0 a 6.5, e a humidade ideal &#233; de 50% a 70%. 
    Os n&#237;veis de eletrocondutividade da &#225;gua (EC) recomendados est&#227;o entre 1.2 e 2.0.</description>
    <tempMin>18</tempMin>
    <tempMax>24</tempMax>
    <lightMin>12</lightMin>
    <lightMax>16</lightMax>
    <humidMin>50</humidMin>
    <humidMax>70</humidMax>
    <phMin>6.0</phMin>
    <phMax>6.5</phMax>
    <ecMin>1.2</ecMin>
    <ecMax>2.0</ecMax>
    <germination>6</germination>
    <vegetative>30</vegetative>
    <floration>50</floration>
    <fruiting>70</fruiting>
  </plant>
  <plant id="9">
    <name>Cebolinha</name>
    <description>A cebolinha &#233; uma erva arom&#225;tica amplamente usada na culin&#225;ria de v&#225;rias culturas. 
    &#201; cientificamente conhecida como Allium fistulosum e pertence &#224; fam&#237;lia Amaryllidaceae. 
    As suas folhas s&#227;o cortadas e usadas como tempero em saladas, pratos quentes e molhos. 
    A cebolinha prefere temperaturas entre 15&#176;C e 24&#176;C, luz moderada e um pH de 6.0 a 6.7. 
    A humidade deve ser mantida entre 60% e 70%. Os n&#237;veis de eletrocondutividade da &#225;gua (EC) ideais variam de 0.8 a 1.5.</description>
    <tempMin>15</tempMin>
    <tempMax>24</tempMax>
    <lightMin>12</lightMin>
    <lightMax>16</lightMax>
    <humidMin>60</humidMin>
    <humidMax>70</humidMax>
    <phMin>6.0</phMin>
    <phMax>6.7</phMax>
    <ecMin>0.8</ecMin>
    <ecMax>1.5</ecMax>
    <germination>7</germination>
    <vegetative>20</vegetative>
    <floration>40</floration>
    <fruiting>60</fruiting>
  </plant>
  <plant id="10">
    <name>Pimento</name>
    <description>O pimento, tamb&#233;m conhecido como pimento, &#233; uma planta da fam&#237;lia Solanaceae. 
    &#201; cientificamente chamado de Capsicum annuum. 
    Os pimentos produzem frutos coloridos e s&#227;o amplamente usados na culin&#225;ria em diversos pratos, desde saladas at&#233; pratos quentes. 
    Crescem melhor em temperaturas entre 24&#176;C e 30&#176;C, com luz direta moderada. 
    O pH do meio deve estar na faixa de 5.5 a 6.5, e a humidade ideal &#233; de 50% a 70%. Os n&#237;veis de eletrocondutividade da &#225;gua (EC) recomendados est&#227;o entre 1.5 e 2.5.</description>
    <tempMin>24</tempMin>
    <tempMax>30</tempMax>
    <lightMin>14</lightMin>
    <lightMax>18</lightMax>
    <humidMin>50</humidMin>
    <humidMax>70</humidMax>
    <phMin>5.5</phMin>
    <phMax>6.5</phMax>
    <ecMin>1.5</ecMin>
    <ecMax>2.5</ecMax>
    <germination>10</germination>
    <vegetative>30</vegetative>
    <floration>60</floration>
    <fruiting>90</fruiting>
  </plant>
<plant id="13"><name>Morango</name><description>Morango de Teste</description><tempMin>20</tempMin><tempMax>25</tempMax><lightMin /><lightMax /><humidMin>40</humidMin><humidMax>50</humidMax><phMin>5</phMin><phMax>6</phMax><ecMin /><ecMax /><germination>12</germination><vegetative /><floration /><fruiting /></plant></plants>